{"x_coords": [100, 200, 300, 400, 500, 600, 700, 800, 900, 1000, 1100, 1200, 1300, 1400, 1500, 1600, 1700, 1800, 1900, 2000, 2100, 2200, 2300, 2400, 2500, 2600, 2700, 2800, 2900, 3000, 3100, 3200, 3300, 3400, 3500, 3600, 3700, 3800, 3900, 4000, 4100, 4200, 4300, 4400, 4500, 4600, 4700, 4800, 4900, 5000, 5100, 5200, 5300, 5400, 5500, 5600, 5700, 5800, 5900, 6000, 6100, 6200, 6300, 6400, 6500, 6600, 6700, 6800, 6900, 7000, 7100, 7200, 7300, 7400, 7500, 7600, 7700, 7800, 7900, 8000, 8100, 8200, 8300, 8400, 8500, 8600, 8700, 8800, 8900, 9000, 9100, 9200, 9300, 9400, 9500, 9600, 9700, 9800, 9900, 10000], "u_mses": [[0.17179960746558637], [0.08022656747934184], [0.014868831122048636], [0.002419298616394101], [0.0007839154534234345], [0.00020314321494690219], [6.798911566832011e-05], [3.319625158049737e-05], [1.7205950728219244e-05], [8.81974446733371e-06], [4.080745523334077e-06], [5.146447514651522e-06], [8.88223828963072e-07], [4.808255704950166e-07], [1.802817319858781e-06], [2.714284182765027e-07], [4.092108893359171e-05], [3.166191301896768e-07], [3.270513465416147e-07], [2.5397907528362105e-05], [3.8738012149655616e-07], [3.9549606956845514e-07], [9.539125844806865e-07], [4.323943733110212e-07], [0.00041643252758328056], [4.515376850991863e-07], [4.4210554927198713e-07], [1.0545630374536888e-05], [4.53222994253245e-07], [4.4288419425195485e-07], [6.945018977667709e-07], [4.3231142816138776e-07], [5.310284398559644e-05], [4.3351483709708204e-07], [4.1015365308854953e-07], [1.8393850095923192e-06], [4.239956581792942e-07], [3.8814952010467474e-07], [4.260657570922553e-05], [3.8243301466796917e-07], [3.609920522192897e-07], [1.6369032530247768e-05], [3.5055351925099284e-07], [3.2916489647592456e-07], [3.455007538905025e-06], [3.236801062374158e-07], [2.9816642319125366e-07], [9.153156139311489e-05], [3.1917201274115516e-07], [2.9733467529526583e-07], [2.7104329118269246e-07], [2.450034885915542e-07], [5.27674628220789e-07], [2.2675659942967999e-07], [1.5761453507708963e-06], [2.166636903074272e-07], [7.105657675639131e-07], [2.1691328606286889e-07], [2.0365322699577585e-07], [0.00011372295935603829], [1.6660076010177604e-07], [3.308645178907811e-07], [1.6109759525612804e-07], [1.7282654473309953e-07], [2.135729173152898e-05], [1.4015945086730154e-07], [1.9335277564866592e-05], [1.4012550567612144e-07], [1.242481860081493e-07], [2.516340188627141e-06], [1.1777659693668268e-07], [1.2296429699464214e-06], [1.0809561757158595e-07], [0.00016899882478905087], [1.1508704936489845e-07], [5.939232935375903e-06], [3.7869671745753785e-06], [1.342252286005079e-07], [8.247718849538735e-08], [4.005879154238541e-07], [8.362743436110694e-08], [1.1149738717269879e-07], [2.0304208158757297e-07], [7.168305946404423e-08], [5.536014462813874e-06], [7.471145143010858e-08], [5.432613682696308e-06], [3.36863302016747e-06], [6.108638661738444e-08], [1.3883870424094982e-05], [6.016138177472488e-08], [1.4754438786057403e-05], [8.189684419645078e-07], [5.311367818992093e-07], [5.473114977225398e-08], [2.8868081236969234e-07], [7.980419738645415e-08], [1.3122983878100967e-05], [5.926329841783619e-08], [3.8271056922171814e-08]]}