{"boundary points": {"xb": [[3.141592653589793]], "u_xb": [[3]], "x0": [[0]], "u0": [[0]]}, "collocation points": {"N_f": 30, "xf": [[0.0], [0.10833078115826873], [0.21666156231653746], [0.3249923434748062], [0.43332312463307493], [0.5416539057913436], [0.6499846869496124], [0.7583154681078811], [0.8666462492661499], [0.9749770304244186], [1.0833078115826873], [1.191638592740956], [1.2999693738992248], [1.4083001550574936], [1.5166309362157622], [1.624961717374031], [1.7332924985322997], [1.8416232796905685], [1.9499540608488373], [2.058284842007106], [2.1666156231653746], [2.2749464043236434], [2.383277185481912], [2.491607966640181], [2.5999387477984497], [2.7082695289567185], [2.8166003101149872], [2.9249310912732556], [3.0332618724315243], [3.141592653589793]]}, "observed data": {"N_observed": 5, "xo": [[0.2], [0.8853981633974481], [1.5707963267948963], [2.2561944901923447], [2.941592653589793]], "uo": [[-0.5646424733950355], [-0.46656056766778153], [1.0], [-0.4665605676677812], [-0.5646424733950368]]}, "testing data": {"N_test": 50, "xt": [[0.0], [0.0641141357875468], [0.1282282715750936], [0.19234240736264038], [0.2564565431501872], [0.32057067893773394], [0.38468481472528077], [0.4487989505128276], [0.5129130863003744], [0.5770272220879211], [0.6411413578754679], [0.7052554936630148], [0.7693696294505615], [0.8334837652381083], [0.8975979010256552], [0.9617120368132019], [1.0258261726007487], [1.0899403083882955], [1.1540544441758422], [1.218168579963389], [1.2822827157509358], [1.3463968515384828], [1.4105109873260295], [1.4746251231135763], [1.538739258901123], [1.6028533946886698], [1.6669675304762166], [1.7310816662637634], [1.7951958020513104], [1.8593099378388571], [1.9234240736264039], [1.9875382094139507], [2.0516523452014974], [2.1157664809890444], [2.179880616776591], [2.243994752564138], [2.3081088883516845], [2.3722230241392315], [2.436337159926778], [2.500451295714325], [2.5645654315018716], [2.6286795672894185], [2.6927937030769655], [2.756907838864512], [2.821021974652059], [2.8851361104396056], [2.9492502462271526], [3.013364382014699], [3.077478517802246], [3.141592653589793]], "ut": [[-0.0], [-0.1911586287013723], [-0.3752670048793741], [-0.5455349012105486], [-0.6956825506034864], [-0.8201722545969558], [-0.9144126230158124], [-0.9749279121818236], [-0.9994862162006879], [-0.9871817834144502], [-0.9384684220497606], [-0.8551427630053462], [-0.7402779970753157], [-0.5981105304912161], [-0.43388373911755823], [-0.25365458390950735], [-0.06407021998071323], [0.12787716168450539], [0.3151082180236202], [0.4907175520039376], [0.6482283953077879], [0.7818314824680297], [0.8865993063730001], [0.9586678530366607], [0.9953791129491981], [0.9953791129491982], [0.9586678530366608], [0.8865993063730007], [0.7818314824680299], [0.6482283953077884], [0.49071755200393785], [0.3151082180236214], [0.12787716168450664], [-0.06407021998071241], [-0.2536545839095062], [-0.4338837391175579], [-0.5981105304912151], [-0.7402779970753155], [-0.8551427630053458], [-0.9384684220497601], [-0.98718178341445], [-0.9994862162006879], [-0.9749279121818237], [-0.9144126230158129], [-0.820172254596956], [-0.6956825506034869], [-0.5455349012105485], [-0.37526700487937636], [-0.19115862870137365], [-3.6739403974420594e-16]]}}