{"x_coords": [2500, 5000, 7500, 10000, 12500, 15000, 17500, 20000, 22500, 25000, 27500, 30000, 32500, 35000, 37500, 40000, 42500, 45000, 47500, 50000, 52500, 55000, 57500, 60000, 62500, 65000, 67500, 70000, 72500, 75000, 77500, 80000, 82500, 85000, 87500, 90000, 92500, 95000, 97500, 100000, 102500, 105000, 107500, 110000, 112500, 115000, 117500, 120000], "u_mses": [[7.69804946699461e-05], [5.3018973368756696e-05], [3.943004967896051e-05], [2.5946695479156062e-05], [1.7472115764180914e-05], [1.1145918553301275e-05], [5.289437417130895e-05], [4.922893372176002e-06], [3.444774463697084e-06], [2.362108654904363e-06], [1.6548944540822425e-06], [1.1175012794226025e-06], [8.844693978877292e-07], [6.981977628629563e-07], [3.7442067447769185e-07], [2.689190827062725e-07], [4.884532334037489e-07], [2.3516280693095833e-07], [2.0491994519652562e-07], [1.674792597901984e-07], [1.4898477489862473e-07], [1.30343816945845e-07], [1.2629441339876643e-07], [1.0358903237787852e-07], [9.882669468256208e-08], [9.671111913700348e-08], [9.086039706710244e-08], [8.699625530743453e-08], [9.333702603510961e-08], [7.907862862582373e-08], [7.739623620230757e-08], [7.464667529335721e-08], [7.277294353519759e-08], [7.06748158643326e-08], [6.923567833814603e-08], [6.723174278098921e-08], [6.562830588651097e-08], [6.428942568779922e-08], [6.266418030459723e-08], [6.142404812531193e-08], [6.023691909271344e-08], [5.9110730681706164e-08], [5.800206223695357e-08], [5.698502130306242e-08], [5.812531825491673e-08], [5.5701945673439266e-08], [5.523614987771144e-08], [5.322310164149718e-08]]}