{"x_coords": [10, 20, 30, 40, 50, 60, 70, 80, 90, 100, 110, 120, 130, 140, 150, 160, 170, 180, 190, 200, 210, 220, 230, 240, 250, 260, 270, 280, 290, 300, 310, 320, 330, 340, 350, 360, 370, 380, 390, 400, 410, 420, 430, 440, 450, 460, 470, 480, 490, 500, 510, 520, 530, 540, 550, 560, 570, 580, 590, 600, 610, 620, 630, 640, 650, 660, 670, 680, 690, 700, 710, 720, 730, 740, 750, 760, 770, 780, 790, 800, 810, 820, 830, 840, 850, 860, 870, 880, 890, 900, 910, 920, 930, 940, 950, 960, 970, 980, 990, 1000, 1010, 1020, 1030, 1040, 1050, 1060, 1070, 1080, 1090, 1100, 1110, 1120, 1130, 1140, 1150, 1160, 1170, 1180, 1190, 1200, 1210, 1220, 1230, 1240, 1250, 1260, 1270, 1280, 1290, 1300, 1310, 1320, 1330, 1340, 1350, 1360, 1370, 1380, 1390, 1400, 1410, 1420, 1430, 1440, 1450, 1460, 1470, 1480, 1490, 1500, 1510, 1520, 1530, 1540, 1550, 1560, 1570, 1580, 1590, 1600, 1610, 1620, 1630, 1640, 1650, 1660, 1670, 1680, 1690, 1700, 1710, 1720, 1730, 1740, 1750, 1760, 1770, 1780, 1790, 1800, 1810, 1820, 1830, 1840, 1850, 1860, 1870, 1880, 1890, 1900, 1910, 1920, 1930, 1940, 1950, 1960, 1970, 1980, 1990, 2000, 2010, 2020, 2030, 2040, 2050, 2060, 2070, 2080, 2090, 2100, 2110, 2120, 2130, 2140, 2150, 2160, 2170, 2180, 2190, 2200, 2210, 2220, 2230, 2240, 2250, 2260, 2270, 2280, 2290, 2300, 2310, 2320, 2330, 2340, 2350, 2360, 2370, 2380, 2390, 2400, 2410, 2420, 2430, 2440, 2450, 2460, 2470, 2480, 2490, 2500, 2510, 2520, 2530, 2540, 2550, 2560, 2570, 2580, 2590, 2600, 2610, 2620, 2630, 2640, 2650, 2660, 2670, 2680, 2690, 2700, 2710, 2720, 2730, 2740, 2750, 2760, 2770, 2780, 2790, 2800, 2810, 2820, 2830, 2840, 2850, 2860, 2870, 2880, 2890, 2900, 2910, 2920, 2930, 2940, 2950, 2960, 2970, 2980, 2990, 3000, 3010, 3020, 3030, 3040, 3050, 3060, 3070, 3080, 3090, 3100, 3110, 3120, 3130, 3140, 3150, 3160, 3170, 3180, 3190, 3200, 3210, 3220, 3230, 3240, 3250, 3260, 3270, 3280, 3290, 3300, 3310, 3320, 3330, 3340, 3350, 3360, 3370, 3380, 3390, 3400, 3410, 3420, 3430, 3440, 3450, 3460, 3470, 3480, 3490, 3500, 3510, 3520, 3530, 3540, 3550, 3560, 3570, 3580, 3590, 3600, 3610, 3620, 3630, 3640, 3650, 3660, 3670, 3680, 3690, 3700, 3710, 3720, 3730, 3740, 3750, 3760, 3770, 3780, 3790, 3800, 3810, 3820, 3830, 3840, 3850, 3860, 3870, 3880, 3890, 3900, 3910, 3920, 3930, 3940, 3950, 3960, 3970, 3980, 3990, 4000], "loss_values": [1.177308440208435, 1.0669188499450684, 0.9521937966346741, 0.8506137728691101, 0.7773616313934326, 0.724455714225769, 0.6720758676528931, 0.6132094264030457, 0.542087733745575, 0.4529898166656494, 0.34628087282180786, 0.23243796825408936, 0.13148123025894165, 0.06164924055337906, 0.035789839923381805, 0.02441840060055256, 0.015611136332154274, 0.009938697330653667, 0.006742891389876604, 0.004738694988191128, 0.0035110742319375277, 0.002758265007287264, 0.00228265393525362, 0.001972729805856943, 0.0017644006293267012, 0.0016170728486031294, 0.0015063319588080049, 0.0014179282588884234, 0.0013434564461931586, 0.0012780623510479927, 0.0012189780827611685, 0.0011646415805444121, 0.0011141584254801273, 0.0010670091724023223, 0.0010229065082967281, 0.000995906419120729, 0.0010343571193516254, 0.0009577147429808974, 0.0008851727470755577, 0.0008462576079182327, 0.0008177864365279675, 0.0007910609128884971, 0.0007661700365133584, 0.0007428137469105422, 0.0007207647431641817, 0.0007002602214924991, 0.000681053614243865, 0.0006630754796788096, 0.0006462577730417252, 0.0006306254654191434, 0.0006341049447655678, 0.0006022128509357572, 0.0006003964226692915, 0.0005826817359775305, 0.0005702077760361135, 0.0005594533286057413, 0.0005481067928485572, 0.0005377577035687864, 0.0005292619462125003, 0.0005208937800489366, 0.0005130739882588387, 0.0005056769587099552, 0.0004986459971405566, 0.0004919449565932155, 0.0004856691521126777, 0.0004906454705633223, 0.0007255708333104849, 0.0005458634113892913, 0.00047257632832042873, 0.00045781704830005765, 0.00045568024506792426, 0.0004498222842812538, 0.00044367098598740995, 0.00043934740824624896, 0.0004348804650362581, 0.0004305413458496332, 0.0004263496957719326, 0.00042224599746987224, 0.0004182090051472187, 0.00041424488881602883, 0.0004103709361515939, 0.0004095516342204064, 0.0008687489316798747, 0.0004227044410072267, 0.00041868817061185837, 0.00040414746035821736, 0.0003953347622882575, 0.00038819253677502275, 0.00038208923069760203, 0.000378129945602268, 0.00037488219095394015, 0.00037136155879125, 0.0003680262598209083, 0.00036468778853304684, 0.0003613599110394716, 0.0003580492630135268, 0.000354747346136719, 0.00035145453875884414, 0.00034817124833352864, 0.00034489587415009737, 0.00034165987744927406, 0.00034201471135020256, 0.000902004714589566, 0.0003732051991391927, 0.0003612049331422895, 0.0003402677830308676, 0.00032999855466187, 0.0003233170718885958, 0.00031773606315255165, 0.0003134918515570462, 0.0003104780334979296, 0.0003074185224249959, 0.00030434702057391405, 0.0003013174282386899, 0.00029829403501935303, 0.0002952705544885248, 0.0002922517596744001, 0.00028923453646712005, 0.00028621876845136285, 0.00028320454293861985, 0.00028019261662848294, 0.0002771822037175298, 0.00027417854289524257, 0.0002714419679250568, 0.000311789772240445, 0.00036111229564994574, 0.00040920698666013777, 0.00031854864209890366, 0.00027875506202690303, 0.0002611509698908776, 0.00025239097885787487, 0.0002480197581462562, 0.0002453853958286345, 0.00024254790332634002, 0.00023963059356901795, 0.0002368664718233049, 0.00023406697437167168, 0.00023128921748138964, 0.00022851496760267764, 0.0002257430023746565, 0.00022297563555184752, 0.00022021136828698218, 0.0002174512919737026, 0.0002146959595847875, 0.000211946593481116, 0.0002092017384711653, 0.00020647968631237745, 0.0002046830195467919, 0.0003114272840321064, 0.00021042791195213795, 0.0002751998254097998, 0.00024291286536026746, 0.0002023179695243016, 0.00018789945170283318, 0.00018660607747733593, 0.0001833875576267019, 0.0001802613987820223, 0.0001778176228981465, 0.00017525145085528493, 0.0001727487688185647, 0.00017027735884767026, 0.00016781018348410726, 0.00016535306349396706, 0.00016290559142362326, 0.0001604695280548185, 0.00015804504801053554, 0.0001556303323013708, 0.00015322845138143748, 0.0001508455170551315, 0.00014864250260870904, 0.0001579293457325548, 0.0008248896338045597, 0.00022311063366942108, 0.0002198903530370444, 0.0001455927122151479, 0.00013644657155964524, 0.00013629739987663925, 0.00013039687473792583, 0.00012874853564426303, 0.0001261525903828442, 0.00012411690840963274, 0.00012202894140500575, 0.00011996241664746776, 0.0001179283790406771, 0.000115913302579429, 0.00011391680163796991, 0.00011193842510692775, 0.00010997807112289593, 0.00010803694749483839, 0.00010611432662699372, 0.00010421721526654437, 0.00010245243174722418, 0.00010853656567633152, 0.0007136679487302899, 0.00031168299028649926, 0.0001670841738814488, 9.441405563848093e-05, 9.720486559672281e-05, 9.398067049914971e-05, 8.830428123474121e-05, 8.730695844860747e-05, 8.516942034475505e-05, 8.370438445126638e-05, 8.214224362745881e-05, 8.063161658355966e-05, 7.916293543530628e-05, 7.771642412990332e-05, 7.629157335031778e-05, 7.488949631806463e-05, 7.351092790486291e-05, 7.215535879367962e-05, 7.082296360749751e-05, 6.951388786546886e-05, 6.822832074249163e-05, 6.696725176880136e-05, 6.573735299753025e-05, 6.556512380484492e-05, 0.0003240159130655229, 0.0005510104820132256, 0.0001981747045647353, 0.00011961921700276434, 8.261975017376244e-05, 6.638129707425833e-05, 5.983437586110085e-05, 5.692350532626733e-05, 5.526556196855381e-05, 5.410406447481364e-05, 5.317537215887569e-05, 5.2334809879539534e-05, 5.150473225512542e-05, 5.069054532214068e-05, 4.990120942238718e-05, 4.91305545438081e-05, 4.837918822886422e-05, 4.764653931488283e-05, 4.693292794399895e-05, 4.62381103716325e-05, 4.5561406295746565e-05, 4.4903219531988725e-05, 4.4263382733333856e-05, 4.3641037336783484e-05, 4.303680543671362e-05, 4.2449275497347116e-05, 4.188253660686314e-05, 4.13388479501009e-05, 4.098716453881934e-05, 